line_ref,cp_no,cp_name,kind,balance_kes,arrears_days,product,opened,notes
APX/DEP/0001-1,1,MVUA JAMII SACCO SOCIETY,DEP,66168000.00,,Call placement,2023-12-07,
APX/DEP/0002-1,2,Mbegu Boraa SACCO,DEP,"59,439,000.00",0,Term placement,2018-05-08,
APX/DEP/0003-1,3,Mwangaza Sacco Ltd.,DEP,"KES 122,242,000.00",0,Call placement,2023-06-09,
APX/DEP/0004-1,4,Shamba Vijana Sacco,DEP,39252000.00,,Call placement,2022-10-01,
APX/DEP/0005-1,5,Kisima Pamoja Sacco Ltd,DEP,105420000.70,0,Term placement,2023-06-17,   
APX/DEP/0006-1,6,UPEO WAFANYIKAZI SACCO SOCIETY,dep,"122,242,000.00",0,Term placement,2023-02-04,
APX/DEP/0007-1,7,Mlimaa Mashinani SACCO,DEP,"KES 42,616,000.00",,Call placement,2020-08-04,
APX/DEP/0008-1,8,Daraja Wakulima Sacco Ltd.,DEP,134579000.00,0,Call placement,2021-05-16,
APX/DEP/0009-1,9,Tumaini Jamii Sacco,DEP,59439000.00,0,Call placement,2021-06-24,
APX/DEP/0010-1,10,Ziwa Bora Sacco Ltd,DEP,"22,429,000.00",,Call placement,2023-11-10,
APX/DEP/0011-1,11,NJIA WALIMU SACCO SOCIETY,DEP,"KES 91,962,000.00",0,Term placement,2024-02-05,
APX/DEP/0012-1,12,Bidii Vijaana SACCO,DEP,34766000.00,0,Term placement,2022-05-24,
APX/DEP/0013-1,13,Pwani Pamoja Sacco Ltd.,DEP,72897000.00,,Call placement,2021-07-04,
APX/DEP/0014-1,14,Ufanisi Wafanyikazi Sacco,DEP,"97,569,000.00",0,Call placement,2020-01-27,
APX/DEP/0015-1,15,Neema Mashinani Sacco Ltd,DEP,"KES 48,224,000.00",0,Call placement,2021-02-23,
APX/DEP/0016-1,16,NURU WAKULIMA SACCO SOCIETY,DEP,23551000.00,,Term placement,2022-07-18,   
APX/DEP/0017-1,17,Maapato Jamii SACCO,DEP,24672000.00,0,Term placement,2024-06-13,
APX/DEP/0018-1,18,Jua Bora Sacco Ltd.,DEP,"104,298,000.00",0,Call placement,2021-03-08,
APX/DEP/0019-1,19,Tawi Walimu Sacco,DEP,"KES 33,644,000.16",,Term placement,2020-07-13,
APX/DEP/0020-1,20,Kilele Vijana Sacco Ltd,DEP,53831000.00,0,Term placement,2021-05-01,
APX/DEP/0021-1,21,MVUA PAMOJA SACCO SOCIETY,DEP,25794000.61,0,Term placement,2018-07-19,
APX/DEP/0022-1,22,Mbegu Waafanyikazi SACCO,DEP,"68,411,000.00",,Call placement,2022-10-01,
APX/DEP/0023-1,23,Mwangaza Mashinani Sacco Ltd.,dep,"KES 39,252,000.11",0,Call placement,2024-03-21,
APX/DEP/0024-1,24,Shamba Wakulima Sacco,DEP,31401000.00,0,Call placement,2023-05-28,
APX/DEP/0025-1,25,Kisima Jamii Sacco Ltd,DEP,134579000.00,,Call placement,2018-12-22,
APX/DEP/0026-1,26,UPEO BORA SACCO SOCIETY,DEP,"32,523,000.73",0,Term placement,2020-08-03,
APX/DEP/0027-1,27,Mlimaa Walimu SACCO,DEP,"KES 52,710,000.00",0,Term placement,2020-02-10,   
APX/DEP/0028-1,28,Daraja Vijana Sacco Ltd.,DEP,61682000.15,,Call placement,2022-06-27,
APX/DEP/0029-1,29,Tumaini Pamoja Sacco,DEP,32523000.00,0,Call placement,2022-01-05,
APX/DEP/0030-1,30,Ziwa Wafanyikazi Sacco Ltd,DEP,"54,953,000.00",0,Term placement,2018-11-10,
APX/DEP/0031-1,31,NJIA MASHINANI SACCO SOCIETY,DEP,"KES 131,214,000.00",,Term placement,2021-03-02,
APX/DEP/0032-1,32,Bidii Waakulima SACCO,DEP,95326000.00,0,Term placement,2023-11-06,
APX/DEP/0034-1,34,Ufanisi Bora Sacco,DEP,29158000.06,0,Call placement,2018-07-10,
APX/DEP/0035-1,35,Neema Walimu Sacco Ltd,DEP,"91,962,000.00",,Call placement,2018-02-17,
APX/DEP/0036-1,36,NURU VIJANA SACCO SOCIETY,DEP,"KES 119,999,000.57",0,Call placement,2024-12-15,
APX/DEP/0037-1,37,Ufaanisi Pamoja SACCO,DEP,14000000.00,0,Call placement,2024-01-19,
APX/DEP/0038-1,38,Tawi Mashinani Sacco Society Ltd.,DEP,3200000.00,,Term placement,2018-12-11,
APX/DEP/0039-1,39,Tawi Mashinani Sacco,DEP,"43,738,000.07",0,Term placement,2021-02-21,   
APX/DEP/0040-1,40,Kilele Wakulima Sacco Ltd,DEP,"KES 58,334,996.84",0,Call placement,2022-07-25,
APX/LN/2021/0602,1,Mvuaa Jamii SACCO,loan,12040000.19,0,Bridging loan,2026-08-12,
APX/LN/2021/0605,2,Mbegu Bora Sacco Ltd.,LOAN,13510000.00,0,Bridging loan,2021-05-06,
APX/LN/2021/0606,2,Mbegu Bora Sacco,LOAN,"14,420,000.11",0,Development loan,2021-12-12,
APX/LN/2021/0610,4,Shamba Vijana Sacco,LOAN,"KES 7,730,000.00",0,Asset finance,2021-07-27,
APX/LN/2021/0627,9,TUMAINI JAMII SACCO SOCIETY,LOAN,8560000.00,8,Liquidity loan,2021-06-21,
APX/LN/2021/0637,12,Bidii Vijana Sacco Ltd,LOAN,10540000.00,0,Development loan,2021-03-13,
APX/LN/2021/0645,15,NEEMA MASHINANI SACCO SOCIETY,LOAN,"12,060,000.00",0,Bridging loan,2021-10-27,
APX/LN/2021/0651,17,Mapato Jamii Sacco Ltd.,LOAN,"KES 4,860,000.59",0,Asset finance,2021-08-22,
APX/LN/2021/0663,21,Mvuaa Pamoja SACCO,LOAN,5470000.00,0,Bridging loan,2021-10-17,
APX/LN/2021/0668,24,Shamba Wakulima Sacco,LOAN,9280000.09,17,Asset finance,2021-04-11,   
APX/LN/2021/0673,25,Kisimaa Jamii SACCO,LOAN,"30,610,000.00",0,Development loan,2021-09-20,
APX/LN/2021/0674,26,UPEO BORA SACCO SOCIETY,LOAN,"KES 4,930,000.00",0,Housing on-lending,2021-09-04,
APX/LN/2021/0683,29,Tumaini Pamoja Sacco,LOAN,6160000.00,0,Liquidity loan,2021-06-13,
APX/LN/2021/0694,32,Bidii Wakulima Sacco,LOAN,26010000.09,0,Bridging loan,2021-01-10,
APX/LN/2021/0697,34,UFANISI BORA SACCO SOCIETY,LOAN,"6,630,000.00",0,Development loan,2021-02-21,
APX/LN/2021/0700,35,Neemaa Walimu SACCO,LOAN,"KES 16,030,000.00",0,Bridging loan,2021-12-13,
APX/LN/2022/0500,22,Mbegu Wafanyikazi Sacco Ltd,LOAN,25000000.00,12,Development loan,2022-05-10,
APX/LN/2022/0601,1,MVUA JAMII SACCO SOCIETY,loan,12040000.00,0,Development loan,2026-08-05,
APX/LN/2022/0609,3,Mwangaza Sacco Ltd,LOAN,"25,020,000.00",0,Bridging loan,2022-12-18,
APX/LN/2022/0616,6,UPEO WAFANYIKAZI SACCO SOCIETY,LOAN,"KES 35,210,000.00",19,Housing on-lending,2022-12-25,
APX/LN/2022/0631,11,NJIA WALIMU SACCO SOCIETY,LOAN,12550000.5,0,Development loan,2022-03-17,   
APX/LN/2022/0633,11,Njia Walimu Sacco Ltd.,LOAN,19520000.00,0,Liquidity loan,2022-12-15,
APX/LN/2022/0640,13,Pwani Pamoja Sacco Ltd,LOAN,"17,680,000.00",0,Housing on-lending,2022-03-11,
APX/LN/2022/0642,14,Ufanisi Wafanyikazi Sacco Ltd,LOAN,"KES 14,050,000.00",64,Housing on-lending,2022-07-04,
APX/LN/2022/0661,20,Kilele Vijaana SACCO,LOAN,8570000.00,0,Housing on-lending,2022-04-18,
APX/LN/2022/0671,25,Kisima Jamii Sacco Ltd,LOAN,32650000.00,17,Bridging loan,2022-06-21,
APX/LN/2022/0672,25,KISIMA JAMII SACCO SOCIETY,LOAN,"27,540,000.00",0,Development loan,2022-04-11,
APX/LN/2022/0677,27,Mlimaa Walimu SACCO,LOAN,"KES 13,980,000.24",0,Development loan,2022-09-24,
APX/LN/2022/0679,27,Mlima Walimu Sacco,LOAN,14780000.00,28,Housing on-lending,2022-09-13,
APX/LN/2022/0687,30,ZIWA WAFANYIKAZI SACCO SOCIETY,LOAN,12080000.00,0,Liquidity loan,2022-03-05,
APX/LN/2022/0702,36,Nuru Vijaana SACCO,LOAN,"35,480,000.38",0,Bridging loan,2022-10-11,
APX/LN/2023/0212,902,Mto Mdogo Sacco (collapsed) (simulated),LOAN,"KES 80,000,000.00",0,Liquidity loan,2023-11-02,   

APX/LN/2023/0501,22,MBEGU WAFANYIKAZI SACCO SOCIETY,LOAN,19800000.00,0,Development loan,2023-09-21,
APX/LN/2023/0604,2,Mbegu Boraa SACCO,LOAN,16670000.41,0,Housing on-lending,2023-06-28,
APX/LN/2023/0614,5,KISIMA PAMOJA SACCO SOCIETY,loan,"15,180,000.00",0,Housing on-lending,2023-02-14,
APX/LN/2023/0615,5,Kisimaa Pamoja SACCO,LOAN,"KES 19,180,000.64",0,Liquidity loan,2023-12-10,
APX/LN/2023/0619,7,Mlimaa Mashinani SACCO,LOAN,12920000.00,0,Development loan,2023-04-27,
APX/LN/2023/0629,10,ZIWA BORA SACCO SOCIETY,LOAN,4590000.00,0,Development loan,2023-12-17,
APX/LN/2023/0634,12,Bidii Vijaana SACCO,LOAN,"7,640,000.00",0,Asset finance,2023-02-17,
APX/LN/2023/0647,16,NURU WAKULIMA SACCO SOCIETY,LOAN,"KES 3,740,000.00",0,Housing on-lending,2023-07-14,
APX/LN/2023/0649,16,Nuru Wakulima Sacco Ltd.,LOAN,4460000.00,20,Housing on-lending,2023-08-08,
APX/LN/2023/0658,19,TAWI WALIMU SACCO SOCIETY,LOAN,5100000.02,0,Housing on-lending,2023-07-18,
APX/LN/2023/0665,23,Mwangaza Mashinani Sacco Ltd.,LOAN,"8,630,000.00",0,Asset finance,2023-05-13,   
APX/LN/2023/0666,23,Mwangaza Mashinani Sacco,LOAN,"KES 4,460,000.00",0,Liquidity loan,2023-10-27,
APX/LN/2023/0669,24,Shamba Wakulima Sacco Ltd,LOAN,9040000.00,0,Housing on-lending,2023-04-27,
APX/LN/2023/0680,28,Daraja Vijana Sacco Ltd.,LOAN,13090000.00,56,Development loan,2023-12-20,
APX/LN/2023/0681,28,Daraja Vijana Sacco,LOAN,"18,700,000.00",0,Bridging loan,2023-12-06,
APX/LN/2023/0684,29,Tumaini Pamoja Sacco Ltd,LOAN,"KES 5,170,000.00",0,Housing on-lending,2023-12-23,
APX/LN/2023/0688,30,Ziwaa Wafanyikazi SACCO,LOAN,12490000.98,0,Liquidity loan,2023-09-27,
APX/LN/2023/0689,31,NJIA MASHINANI SACCO SOCIETY,LOAN,33820000.26,0,Asset finance,2023-03-28,
APX/LN/2023/0690,31,Njiaa Mashinani SACCO,LOAN,"35,810,000.00",0,Housing on-lending,2023-04-12,
APX/LN/2023/0691,31,Njia Mashinani Sacco Ltd.,loan,"KES 34,810,000.00",0,Asset finance,2023-01-14,restructured
APX/LN/2023/0708,40,KILELE WAKULIMA SACCO SOCIETY,LOAN,14590000.00,13,Asset finance,2023-06-23,
APX/LN/2024/0031,901,APEX HOUSING DEPT (simulated),LOAN,100000000.00,0,Housing on-lending,2024-03-15,interdept   
APX/LN/2024/0158,5,KISIMA PAMOJA SACCO SOCIETY,LOAN,"90,000,000.00",0,Development loan,2024-08-19,
APX/LN/2024/0607,3,Mwangaza Sacco Ltd.,LOAN,"KES 25,950,000.00",0,Bridging loan,2024-12-18,
APX/LN/2024/0613,5,Kisima Pamoja Sacco Ltd,LOAN,25570000.00,10,Liquidity loan,2024-01-05,
APX/LN/2024/0622,8,Daraja Wakulima Sacco Ltd.,LOAN,45000000.00,120,Housing on-lending,2023-02-14,in arrears
APX/LN/2024/0628,10,Ziwa Bora Sacco Ltd,LOAN,"3,570,000.00",0,Housing on-lending,2024-10-10,
APX/LN/2024/0635,12,Bidii Vijana Sacco Ltd.,LOAN,"KES 9,750,000.00",0,Liquidity loan,2024-07-12,
APX/LN/2024/0638,13,Pwani Pamoja Sacco Ltd.,LOAN,13810000.00,0,Asset finance,2024-02-01,
APX/LN/2024/0641,14,Ufanisi Wafanyikazi Sacco,LOAN,25150000.00,0,Bridging loan,2024-07-09,
APX/LN/2023/0649,16,Nuru Wakulima Sacco Ltd.,LOAN,"7,250,000.00",20,Housing on-lending,2023-08-08,re-keyed
APX/LN/2024/0646,15,Neemaa Mashinani SACCO,LOAN,"KES 14,250,000.00",1,Housing on-lending,2024-06-19,
APX/LN/2024/0650,17,Maapato Jamii SACCO,LOAN,5980000.00,0,Bridging loan,2024-09-14,restructured   
APX/LN/2024/0655,18,Jua Bora Sacco Ltd,LOAN,16600000.00,0,Housing on-lending,2024-10-24,
APX/LN/2024/0657,19,Tawi Walimu Sacco Ltd,LOAN,"9,180,000.00",0,Development loan,2024-06-17,
APX/LN/2024/0659,20,Kilele Vijana Sacco Ltd,LOAN,"KES 13,460,000.00",0,Bridging loan,2024-10-23,
APX/LN/2024/0695,34,Ufanisi Bora Sacco,loan,7070000.00,18,Bridging loan,2024-06-19,
APX/LN/2024/0707,40,Kilele Wakulima Sacco Ltd,LOAN,16800000.00,0,Housing on-lending,2024-10-02,
APX/LN/2025/0019,38,TAWI MASHINANI SACCO SOC,LOAN,"70,000,000.00",0,Development loan,2025-02-11,
APX/LN/2025/0044,19,Taawi Walimu SACCO,LOAN,"KES 60,000,000.00",0,Asset finance,2025-04-07,
APX/LN/2025/0077,903,Kona Sacco Society (dormant) (simulated),LOAN,60000000.00,0,Development loan,2025-06-30,
APX/LN/2025/0140,38,Tawi Mashinani Sacco,LOAN,60000000.00,0,Bridging loan,2025-12-01,top-up
APX/LN/2025/0502,22,Mbegu Waafanyikazi SACCO,LOAN,"12,500,000.00",30,Development loan,2025-01-15,
APX/LN/2025/0608,3,Mwangaza Sacco,LOAN,"KES 14,820,000.00",26,Development loan,2025-11-08,   
APX/LN/2025/0617,6,Upeo Waafanyikazi SACCO,LOAN,16680000.00,8,Bridging loan,2025-02-25,
APX/LN/2025/0623,8,Daraja Wakulima Sacco,LOAN,25500000.00,11,Liquidity loan,2025-09-28,
APX/LN/2025/0624,8,Daraja Wakulima Sacco Ltd,LOAN,"33,670,000.00",0,Development loan,2025-07-04,
APX/LN/2025/0625,9,Tumaini Jamii Sacco,LOAN,"KES 12,160,000.00",25,Liquidity loan,2025-01-25,restructured
APX/LN/2025/0626,9,Tumaini Jamii Sacco Ltd,LOAN,13060000.00,0,Housing on-lending,2025-07-16,
APX/LN/2025/0632,11,Njiaa Walimu SACCO,LOAN,25100000.00,0,Bridging loan,2025-09-19,restructured
APX/LN/2025/0643,14,UFANISI WAFANYIKAZI SACCO SOCIETY,LOAN,"29,580,000.00",0,Housing on-lending,2025-07-18,
APX/LN/2025/0644,15,Neema Mashinani Sacco Ltd,LOAN,"KES 9,500,000.00",0,Development loan,2025-11-27,
APX/LN/2025/0654,18,Jua Bora Sacco,LOAN,19760000.51,0,Liquidity loan,2025-01-06,
APX/LN/2025/0662,21,MVUA PAMOJA SACCO SOCIETY,loan,7820000.00,0,Asset finance,2025-07-01,
APX/LN/2025/0664,21,Mvua Pamoja Sacco Ltd.,LOAN,"3,320,000.00",0,Bridging loan,2025-03-27,   
APX/LN/2025/0667,23,Mwangaza Mashinani Sacco Ltd,LOAN,"KES 5,050,000.57",21,Development loan,2025-05-23,
APX/LN/2025/0678,27,Mlima Walimu Sacco Ltd.,LOAN,12780000.00,0,Development loan,2025-03-20,
APX/LN/2025/0682,28,Daraja Vijana Sacco Ltd,LOAN,16360000.34,0,Housing on-lending,2025-07-09,
APX/LN/2025/0685,29,TUMAINI PAMOJA SACCO SOCIETY,LOAN,"4,430,000.79",0,Bridging loan,2025-10-14,
APX/LN/2025/0686,30,Ziwa Wafanyikazi Sacco Ltd,LOAN,"KES 15,410,000.00",0,Liquidity loan,2025-10-16,
APX/LN/2025/0692,32,Bidii Waakulima SACCO,LOAN,14450000.69,0,Development loan,2025-12-13,
APX/LN/2025/0693,32,Bidii Wakulima Sacco Ltd.,LOAN,28900000.00,0,Liquidity loan,2025-04-04,
APX/LN/2025/0698,35,Neema Walimu Sacco Ltd,LOAN,"25,790,000.00",0,Asset finance,2025-01-11,
APX/LN/2025/0701,36,NURU VIJANA SACCO SOCIETY,LOAN,"KES 26,380,000.00",0,Housing on-lending,2025-02-08,
APX/LN/2025/0704,39,Tawi Mashinani Sacco,LOAN,6630000.00,0,Bridging loan,2025-01-01,
APX/LN/2025/0705,39,Tawi Mashinani Sacco Ltd,LOAN,7620000.00,0,Bridging loan,2025-10-11,   
APX/LN/2026/0101,37,Ufanisi Pamoja Sacco Ltd,LOAN,"48,000,000.00",0,Liquidity loan,2026-08-14,board approval ref pending
APX/LN/2026/0603,1,Mvua Jamii Sacco Ltd.,LOAN,"KES 16,050,000.00",0,Housing on-lending,2026-08-19,
APX/LN/2026/0611,4,Shamba Vijana Sacco Ltd,LOAN,8030000.00,0,Bridging loan,2026-03-28,
APX/LN/2026/0612,4,SHAMBA VIJANA SACCO SOCIETY,LOAN,6840000.97,0,Liquidity loan,2026-01-09,
APX/LN/2026/0618,6,Upeo Wafanyikazi Sacco Ltd.,loan,"36,140,000.00",22,Liquidity loan,2026-05-08,
APX/LN/2026/0620,7,Mlima Mashinani Sacco Ltd.,LOAN,"KES 8,400,000.00",0,Bridging loan,2026-02-16,
APX/LN/2026/0621,7,Mlima Mashinani Sacco,LOAN,11300000.00,0,Housing on-lending,2026-03-15,
APX/LN/2026/0630,10,Ziwaa Bora SACCO,LOAN,4930000.00,0,Housing on-lending,2026-06-12,
APX/LN/2026/0636,12,Bidii Vijana Sacco,LOAN,"9,750,000.00",0,Development loan,2026-04-10,
APX/LN/2026/0639,13,Pwani Pamoja Sacco,LOAN,"KES 15,470,000.00",0,Housing on-lending,2026-02-28,
APX/LN/2026/0648,16,Nuru Waakulima SACCO,LOAN,5350000.00,0,Housing on-lending,2026-03-01,   
APX/LN/2026/0652,17,Mapato Jamii Sacco,LOAN,5230000.30,0,Housing on-lending,2026-03-25,
APX/LN/2026/0653,18,Jua Bora Sacco Ltd.,LOAN,"26,880,000.07",0,Development loan,2026-05-07,
APX/LN/2026/0656,19,Tawi Walimu Sacco,LOAN,"KES 9,940,000.00",0,Liquidity loan,2026-02-10,
APX/LN/2026/0660,20,KILELE VIJANA SACCO SOCIETY,LOAN,8160000.00,18,Development loan,2026-01-01,
APX/LN/2026/0670,24,SHAMBA WAKULIMA SACCO SOCIETY,LOAN,9040000.00,0,Housing on-lending,2026-02-26,
APX/LN/2026/0675,26,Upeo Boraa SACCO,LOAN,"5,420,000.07",0,Asset finance,2026-05-10,
APX/LN/2026/0676,26,Upeo Bora Sacco Ltd.,LOAN,"KES 9,120,000.00",0,Bridging loan,2026-07-13,
APX/LN/2026/0696,34,Ufanisi Bora Sacco Ltd,LOAN,6850000.00,0,Housing on-lending,2026-01-26,
APX/LN/2026/0699,35,NEEMA WALIMU SACCO SOCIETY,LOAN,11850000.00,21,Bridging loan,2026-07-20,
APX/LN/2026/0703,36,Nuru Vijana Sacco Ltd.,LOAN,"19,100,000.00",45,Liquidity loan,2026-06-21,restructured
APX/LN/2026/0706,39,TAWI MASHINANI SACCO SOCIETY,loan,"KES 12,260,000.00",0,Liquidity loan,2026-04-02,   
APX/LN/2026/0709,40,Kilele Waakulima SACCO,LOAN,8499991.19,0,Asset finance,2026-07-21,

