no,name,licence_no,board,active,notes
1,Mvua Jamii Sacco Ltd (simulated),SIM/DT/0103,CAXL2KDIOAKGWZMASYLDOVCE4ZICNSLMXZQXAIRUOFFIDO3BBE2MT546,true,
2,Mbegu Bora Sacco Ltd (simulated),SIM/DT/0106,CCY7BARSSK64VZRWSMHCRVD6KLNUUIYDRVDFMLD76ZZWCYUEUCEHDYXL,true,
3,Mwangaza Sacco Ltd (simulated),SIM/DT/0109,CBI5F5YTLVTAMJJDGBY35DBU5MRGPPPSLJEV26CA7MKP5PLALY42GSXL,true,
4,Shamba Vijana Sacco Ltd (simulated),SIM/DT/0112,CALRK52ZCUSEWGJTPO5ILCR4QIHXUQUB7UD6B5ZECA2YQWKJ3HAVJIIK,true,
5,Kisima Pamoja Sacco Ltd (simulated),SIM/DT/0115,CDTQ4Q3VTZC5YVDNGSY4TG5F5B4DW6QY23QREG2W6RNZR7USU3DNG5D6,true,
6,Upeo Wafanyikazi Sacco Ltd (simulated),SIM/DT/0118,CBJLUR2MSXQQESHDAJMHC6RWK3X47DJYEZ4OGKTX437KZGW347SZZDMX,true,
7,Mlima Mashinani Sacco Ltd (simulated),SIM/DT/0121,CBS5X7BDBLHYFTOMYZ5MOMN2AUGLWBHQ3UM4DCQS25VTFDG4X3XIYTSQ,true,
8,Daraja Wakulima Sacco Ltd (simulated),SIM/DT/0124,CCR6KIINKZCTRNAWPTJBK3GZNHAS5PRUUP4D7W5UZDYURT6TKPCWOFIZ,true,
9,Tumaini Jamii Sacco Ltd (simulated),SIM/DT/0127,CARBCJZI7VSW6S4MY7KHUNDCA4BO2XIOQKAZL7GRCCRURJ4YKKUT74ZF,true,
10,Ziwa Bora Sacco Ltd (simulated),SIM/DT/0130,CAV5WPQVZFFGOISPVXWY42RKJRAAOV5QSDVSO5OSLTDWHMTYY7B2SLOD,true,
11,Njia Walimu Sacco Ltd (simulated),SIM/DT/0133,CAWJKYIMA2CSRRBNC7ET4Q4BB5KNKJNQQY4ZJRXANSGPWQVO5ITMXD3Q,true,
12,Bidii Vijana Sacco Ltd (simulated),SIM/DT/0136,CBYASEC2MMSOFYUQLGKVFTKZR4TFEGJJG7JZ23R2K25ZNAOKOG7VRIFR,true,
13,Pwani Pamoja Sacco Ltd (simulated),SIM/DT/0139,CDKFEIA3XM56FMARYM4BFTGKLOADS77RAA47HDKSWU75JD52BDFW2BEQ,true,
14,Ufanisi Wafanyikazi Sacco Ltd (simulated),SIM/DT/0142,CCFJOU3BMYOY3SMHLD3FTPWAEOFRUP6T7VBAKW67GAG2FAMRI44UVVDW,true,
15,Neema Mashinani Sacco Ltd (simulated),SIM/DT/0145,CAQ7WDQDF227ZSVNQBMGBZNMRSUT7EZMAUH6WBRF6LLWEZKZXHFFZYNM,true,
16,Nuru Wakulima Sacco Ltd (simulated),SIM/DT/0148,CDEFY4MKEJZ656PQCWQRTGM6H55MG7YYTTKN3XWIDGRKCK63KYQBRZPW,true,
17,Mapato Jamii Sacco Ltd (simulated),SIM/DT/0151,CDTYSGHVCBUC5BD7TJC5RJW7SKU27TL7F6SJFF6R5AEME7BNX4GCOYSY,true,
18,Jua Bora Sacco Ltd (simulated),SIM/DT/0154,CBWK2ESTBZJ3MMG7NL4XZNY5GVVCIEUXEA5PITSKRRFH774ZZHBQHSDG,true,
19,Tawi Walimu Sacco Ltd (simulated),SIM/DT/0157,CDHYPZTNVALLGVURGLTHR7QCWHMKHZLJQLAJS3VRC5TEF4KXMIWEOS7A,true,
20,Kilele Vijana Sacco Ltd (simulated),SIM/DT/0160,CB3L2K5GMPSBE65IDO6THQN5IXQO5DJKYVM4R4TZ4JM4VXZM4R4TDNXS,true,
21,Mvua Pamoja Sacco Ltd (simulated),SIM/DT/0163,CCRXA5IBVJZZBHZT5RAYZT5D7KGFA2PKUYABE2OI6D7BJWND77N4BLQE,true,
22,Mbegu Wafanyikazi Sacco Ltd (simulated),SIM/DT/0166,CBMU4UA4V5KGOQ4TLOUZCG5K5VMST7RYPTBU425QNI6B36SQ7B6C7EDR,true,
23,Mwangaza Mashinani Sacco Ltd (simulated),SIM/DT/0169,CDGTLXGWDJREJZ6PIWDAKPPUZ6E7MZCFZ4XUD4K5NOV2DZHCF2POBB6O,true,
24,Shamba Wakulima Sacco Ltd (simulated),SIM/DT/0172,CBJCNTDOU6E2YK6EMF3VAKBS2CJAYW56K3CZKTDUM4NFSRQL2LK5GDSE,true,
25,Kisima Jamii Sacco Ltd (simulated),SIM/DT/0175,CCWAWAX5EKVNTUIDIQIK64GYWCXEH4OL7V5KZF7W4X43X6OACS2G75YQ,true,
26,Upeo Bora Sacco Ltd (simulated),SIM/DT/0178,CARWTHI5KSYVYJUNHIRVWVYAJZ5CLT4EU3GDDZDE3YGPB72UFJPEWIHC,true,
27,Mlima Walimu Sacco Ltd (simulated),SIM/DT/0181,CB435ANTBTP6DIRXCZ3DBP5JCR7WF436ILH7RPNFO7DWJSCI7D2GKKID,true,
28,Daraja Vijana Sacco Ltd (simulated),SIM/DT/0184,CCXFWZI6KQ62XNDRJZSNJV2ALUZAH243AUSOVOWFOYWL6JVNO7FAEPRN,true,
29,Tumaini Pamoja Sacco Ltd (simulated),SIM/DT/0187,CBZMX6WV46PYTL5A53KMZIKLI2B4KBVY4FEUTB7DXY7FTVRMOZQSTYTU,true,
30,Ziwa Wafanyikazi Sacco Ltd (simulated),SIM/DT/0190,CA7CMGI4OKLF5PU7YYVBQAF6HQILXVR4S6PQ7CW4RRH7TSRAIKXNIJK3,true,
31,Njia Mashinani Sacco Ltd (simulated),SIM/DT/0193,CANGTLHLFWUNEBXSL5QVPS42PRTTGKVCG2YENUWDY7APBH23JEL2K4MH,true,
32,Bidii Wakulima Sacco Ltd (simulated),SIM/DT/0196,CANYKYGRFMZY4SBTFCU6PPESV6UUBJF44UEYX5XLKAIURK2LPFL5USB7,true,
33,Pwani Jamii Sacco Ltd (simulated),SIM/DT/0199,CB7KHEXCB4LV7VWQDCGMFLTXUYSJC2UEA6DWLVKOKQBDA3FHVW3HGE26,true,
34,Ufanisi Bora Sacco Ltd (simulated),SIM/DT/0202,CCXDAFHU2MWWCASRKVY4RX5VUJE4TGEFAJRV677ZXVGFB6A6NTLR2ZPB,true,
35,Neema Walimu Sacco Ltd (simulated),SIM/DT/0205,CBHRGWXPZJJSVDN5YYTFWQL5ASOW2TDA5JD5KONJH5VUPKSASZDPL5ST,true,
36,Nuru Vijana Sacco Ltd (simulated),SIM/DT/0208,CCZ6QYFFFPCRLRDRXYS7MOEU43OBARL7K2JH2RJO722B7LJBKCM6BHY6,true,
37,Ufanisi Pamoja Sacco Ltd (simulated),SIM/DT/0211,CCK5X7CALTI6RSFLKA5VLXPLT4F6HC3QK6GUC5CVDAZFVIQ4B4XUBSRE,true,
38,Tawi Mashinani Sacco Society Ltd (simulated),SIM/DT/0214,CDEZXRBAL6YHR7WASXEOLBV734SDOL6WUH7DL7WPNXFFJKB5MS7HAL5M,false,"dormant: registered, deactivated by the registrar"
39,Tawi Mashinani Sacco Ltd (simulated),SIM/DT/0217,CAPWTEM5K2KQUWJECHN4M6DA6HUVX76VU7GBVB672HSTMDSGCRKBVNDM,true,
40,Kilele Wakulima Sacco Ltd (simulated),SIM/DT/0220,CBCWLEMYRML23SVNGOUAFPCYFNT7DGTTQQTQDQMALEEXQGUZH5DLE5FY,true,
