Bank,SIM CUSTODIAN BANK (simulated)
Account,0100-SIMAPEX-01 SIM APEX UNION (simulated) - settlement
Period,2026-09-01 to 2026-09-30
posting_date,value_date,reference,narrative,debit_kes,credit_kes,balance_kes
2026-09-01,2026-09-01,OPENING BALANCE,,,,275114482.16
2026-09-01,2026-09-01,FT2026090030,LOAN REPAYMENT APX/LN/2021/647,,2778709.31,
2026-09-01,2026-09-01,FT2026090035,PLACEMENT FROM MEMBER 030,,3563417.51,
2026-09-02,2026-09-02,FT2026090052,PLACEMENT FROM MEMBER 001,,"2,461,599.08",
2026-09-03,2026-09-01,FT2026090060,PLACEMENT FROM MEMBER 011,,3655905.73,
2026-09-03,2026-09-03,FT2026090003,WITHDRAWAL TO MEMBER 038,6263464.47,,
2026-09-03,2026-09-03,FT2026090013,LOAN REPAYMENT APX/LN/2023/700,,516984.38,
2026-09-03,2026-09-03,FT2026090058,WITHDRAWAL TO MEMBER 013,7799551.55,,
2026-09-04,2026-09-04,FT2026090053,PLACEMENT FROM MEMBER 003,,2552667.35,
2026-09-05,2026-09-05,FT2026090054,PLACEMENT FROM MEMBER 015,,1557777.71,
2026-09-05,2026-09-05,FT2026090059,LOAN REPAYMENT APX/LN/2021/635,,2254051.39,
2026-09-06,2026-09-06,FT2026090002,LOAN REPAYMENT APX/LN/2026/716,,753172.33,
2026-09-06,2026-09-06,FT2026090018,BANK CHARGES,"2,413.00",,
2026-09-06,2026-09-06,FT2026090041,WITHDRAWAL TO MEMBER 034,8986504.61,,
2026-09-07,2026-09-07,FT2026090027,LOAN REPAYMENT APX/LN/2022/662,,2924501.79,
2026-09-07,2026-09-07,FT2026090031,PLACEMENT FROM MEMBER 003,,793735.38,
2026-09-07,2026-09-07,FT2026090046,LOAN REPAYMENT APX/LN/2024/665,,2521700.42,
2026-09-08,2026-09-08,FT2026090028,LOAN REPAYMENT APX/LN/2021/640,,1585429.42,
2026-09-10,2026-09-10,FT2026090016,PLACEMENT FROM MEMBER 021,,2488833.43,
2026-09-10,2026-09-10,FT2026090032,WITHDRAWAL TO MEMBER 021,3764166.48,,
2026-09-10,2026-09-10,FT2026090033,LOAN REPAYMENT APX/LN/2025/600,,714952.80,
2026-09-11,2026-09-11,FT2026090010,WITHDRAWAL TO MEMBER 033,"3,243,668.56",,
2026-09-12,2026-09-12,FT2026090004,PLACEMENT FROM MEMBER 031,,3959745.33,
2026-09-13,2026-09-13,FT2026090015,WITHDRAWAL TO MEMBER 030,8317009.40,,
2026-09-13,2026-09-13,FT2026090024,LOAN REPAYMENT APX/LN/2026/711,,2538095.35,
2026-09-14,2026-09-14,FT2026090009,PLACEMENT FROM MEMBER 031,,2661733.51,
2026-09-14,2026-09-14,FT2026090012,WITHDRAWAL TO MEMBER 035,1485206.21,,
2026-09-14,2026-09-14,FT2026090029,PLACEMENT FROM MEMBER 017,,3579389.52,
2026-09-15,2026-09-15,FT2026090043,LOAN REPAYMENT APX/LN/2021/656,,1561211.35,
2026-09-15,2026-09-15,FT2026090062,WITHDRAWAL TO MEMBER 029,4318163.98,,
2026-09-15,2026-09-15,FT2026090063,BANK CHARGES,"3,386.00",,
2026-09-16,2026-09-16,FT2026090019,WITHDRAWAL TO MEMBER 038,5307877.32,,
2026-09-16,2026-09-16,FT2026090025,LOAN REPAYMENT APX/LN/2025/617,,1009679.50,
2026-09-16,2026-09-16,FT2026090040,WITHDRAWAL TO MEMBER 031,8655910.06,,
2026-09-16,2026-09-16,FT2026090047,PLACEMENT FROM MEMBER 039,,4592503.03,
2026-09-17,2026-09-17,FT2026090020,PLACEMENT FROM MEMBER 036,,255109.95,
2026-09-18,2026-09-18,FT2026090007,PLACEMENT FROM MEMBER 031,,1136173.54,
2026-09-18,2026-09-18,FT2026090055,PLACEMENT FROM MEMBER 007,,2978851.33,
2026-09-19,2026-09-19,FT2026090045,LOAN REPAYMENT APX/LN/2021/654,,1808262.29,
2026-09-19,2026-09-19,FT2026090061,PLACEMENT FROM MEMBER 015,,"4,559,194.65",
2026-09-20,2026-09-20,FT2026090051,WITHDRAWAL TO MEMBER 009,5575586.63,,
2026-09-21,2026-09-21,FT2026090001,LOAN REPAYMENT APX/LN/2025/690,,1008127.24,
2026-09-22,2026-09-22,FT2026090005,LOAN REPAYMENT APX/LN/2022/643,,2349596.44,
2026-09-23,2026-09-23,FT2026090050,PLACEMENT FROM MEMBER 033,,4542588.74,
2026-09-24,2026-09-24,FT2026090026,LOAN REPAYMENT APX/LN/2023/668,,1893177.89,
2026-09-25,2026-09-25,FT2026090014,PLACEMENT FROM MEMBER 018,,2645453.11,
2026-09-25,2026-09-25,FT2026090017,LOAN REPAYMENT APX/LN/2022/702,,1227507.13,
2026-09-25,2026-09-25,FT2026090048,BANK CHARGES,376.00,,
2026-09-26,2026-09-26,FT2026090036,LOAN REPAYMENT APX/LN/2026/604,,"356,378.69",
2026-09-26,2026-09-26,FT2026090037,PLACEMENT FROM MEMBER 001,,1659326.73,
2026-09-27,2026-09-27,FT2026090006,PLACEMENT FROM MEMBER 037,,3117251.78,
2026-09-27,2026-09-27,FT2026090011,WITHDRAWAL TO MEMBER 033,2230180.13,,
2026-09-27,2026-09-27,FT2026090056,PLACEMENT FROM MEMBER 010,,3102465.58,
2026-09-28,2026-09-28,FT2026090008,LOAN REPAYMENT APX/LN/2022/714,,1145470.22,
2026-09-28,2026-09-28,FT2026090034,LOAN REPAYMENT APX/LN/2024/688,,2896964.52,
2026-09-28,2026-09-28,FT2026090049,WITHDRAWAL TO MEMBER 040,771494.15,,
2026-09-29,2026-09-29,FT2026090021,WITHDRAWAL TO MEMBER 029,7780091.40,,
2026-09-29,2026-09-29,FT2026090022,LOAN REPAYMENT APX/LN/2025/697,,"458,962.47",
2026-09-29,2026-09-29,FT2026090023,BANK CHARGES,4288.00,,
2026-09-29,2026-09-29,FT2026090039,LOAN REPAYMENT APX/LN/2025/683,,1828670.86,
2026-09-30,2026-09-30,FT2026090038,PLACEMENT FROM MEMBER 010,,223187.83,
2026-09-30,2026-09-30,FT2026090042,PLACEMENT FROM MEMBER 024,,1254876.18,
2026-09-30,2026-09-30,FT2026090044,PLACEMENT FROM MEMBER 024,,2942839.77,
2026-09-30,2026-09-30,FT2026090057,PLACEMENT FROM MEMBER 020,,1034445.96,
2026-09-30,2026-10-01,FT2026099999,INTEREST CAPITALISED,,2719082.37,
2026-09-30,2026-09-30,CLOSING BALANCE,,,,298774905.10
